*;0;#group;index;offset;type;nss;bw;gi;airtime
*;0;#sta;action;macaddr;overhead_mcs;overhead_legacy;supported
*;0;#txs;macaddr;num_frames;num_acked;probe;rates;counts
*;0;#stats;macaddr;rate;avg_prob;avg_tp;cur_success;cur_attempts;hist_success;hist_attempts
*;0;#rates;macaddr;rates;counts
*;0;#probe;macaddr;rate
*;0;group;0;0;ht;1;0;0;168980,b44c0,783c0,5a260,3c1e0,2d1a0,28180,24120
*;0;group;1;10;ht;2;0;0;b44c0,5a260,3c1e0,2d1a0,1e170,16950,14140,12110
*;0;group;2;20;ht;3;0;0;783d0,3c1e8,28198,1e170,14148,f130,d5d8,c060
*;0;group;3;30;ht;4;0;0;5a260,2d1a8,1e170,16950,f130,b4a8,a120,9088
*;0;group;4;40;ht;1;0;1;1448c0,a2460,6c3a0,51240,361e0,289a0,241a0,207a0
*;0;group;5;50;ht;2;0;1;a2470,51250,361e0,289b0,1b170,14560,12150,10450
*;0;group;6;60;ht;3;0;1;6c3a0,361e8,241a0,1b178,12158,d948,c0a8,ad50
*;0;group;7;70;ht;4;0;1;51250,289b0,1b178,14560,d948,a2c8,9130,8240
*;0;group;8;80;ht;1;1;0;ada50,56da0,39ec0,2b750,1cfd0,15ba0,13590,11650
*;0;group;9;90;ht;2;1;0;56da0,2b750,1cfd8,15ba8,e868,add0,9b40,8ba0
*;0;group;a;a0;ht;3;1;0;39ec0,1cfdc,13590,e86c,9b44,7434,6784,5cc4
*;0;group;b;b0;ht;4;1;0;2b750,15ba8,e86c,add4,7434,56e8,4e20,4650
*;0;group;c;c0;ht;1;1;1;9c4a0,4e2e0,34240,271f0,1a1a0,13910,116c0,faa0
*;0;group;d;d0;ht;2;1;1;4e2e0,271f8,1a1a8,13910,d160,9ca0,8bf0,7de0
*;0;group;e;e0;ht;3;1;1;34244,1a1ac,116cc,d160,8bf0,68c8,5d5c,53b0
*;0;group;f;f0;ht;4;1;1;271f8,13914,d160,9ca4,68c8,4e68,4680,3f78
*;0;group;10;100;cck;1;0;0;960e00,4c9100,1dcc00,106f00,949700,4b1a00,1c5500,ef800
*;0;group;11;110;ofdm;1;0;0;190640,10d880,cc1a0,8aac0,6a720,493e0,399e0,33c20
*;0;group;12;120;vht;1;0;0;168980,b44c0,783c0,5a260,3c1e0,2d1a0,28180,24120,1e160,1b180
*;0;group;13;130;vht;2;0;0;b44c0,5a260,3c1e0,2d1a0,1e170,16950,14140,12110,f130,d8c0
*;0;group;14;140;vht;3;0;0;783d0,3c1e8,28198,1e170,14148,f130,d5d8,c060,a120,9088
*;0;group;15;150;vht;4;0;0;5a260,2d1a8,1e170,16950,f130,b4a8,a120,9088,7918,6c60
*;0;group;16;160;vht;1;0;1;1448c0,a2460,6c3a0,51240,361e0,289a0,241a0,207a0,1b160,18660
*;0;group;17;170;vht;2;0;1;a2470,51250,361e0,289b0,1b170,14560,12150,10450,d940,c350
*;0;group;18;180;vht;3;0;1;6c3a0,361e8,241a0,1b178,12158,d948,c0a8,ad50,9130,8240
*;0;group;19;190;vht;4;0;1;51250,289b0,1b178,14560,d948,a2c8,9130,8240,6d28,61c0
*;0;group;1a;1a0;vht;1;1;0;ada50,56da0,39ec0,2b750,1cfd0,15ba0,13590,11650,e860,d0f0
*;0;group;1b;1b0;vht;2;1;0;56da0,2b750,1cfd8,15ba8,e868,add0,9b40,8ba0,7430,6878
*;0;group;1c;1c0;vht;3;1;0;39ec0,1cfdc,13590,e86c,9b44,7434,6784,5cc4,4e20,4650
*;0;group;1d;1d0;vht;4;1;0;2b750,15ba8,e86c,add4,7434,56e8,4e20,4650,3a98,34bc
*;0;group;1e;1e0;vht;1;1;1;9c4a0,4e2e0,34240,271f0,1a1a0,13910,116c0,faa0,d160,bc40
*;0;group;1f;1f0;vht;2;1;1;4e2e0,271f8,1a1a8,13910,d160,9ca0,8bf0,7de0,68c8,5e38
*;0;group;20;200;vht;3;1;1;34244,1a1ac,116cc,d160,8bf0,68c8,5d5c,53b0,4680,3f78
*;0;group;21;210;vht;4;1;1;271f8,13914,d160,9ca4,68c8,4e68,4680,3f78,34ec,2fa8
*;0;group;22;220;vht;1;2;0;50238,28198,1abb8,14148,d5d8,a120,8e90,80e8,6b68,60a8
*;0;group;23;230;vht;2;2;0;28198,14148,d5dc,a120,6b6c,510c,4748,4074,35b4,30d4
*;0;group;24;240;vht;3;2;0;1abbc,d5de,8e94,6b6c,474a,35b6,2fda,2af8,2422,203a
*;0;group;25;250;vht;4;2;0;1414a,a122,6b6c,510e,35b6,2904,2422,203a,1b58,186a
*;0;group;26;260;vht;1;2;1;48230,241a0,18128,12158,c0a8,9130,8080,7430,60e0,5730
*;0;group;27;270;vht;2;2;1;241a0,12158,c0ac,9134,60e0,4924,4058,3a34,3088,2c24
*;0;group;28;280;vht;3;2;1;18128,c0ac,8084,60e0,405a,3088,2b42,26de,20b6,1d32
*;0;group;29;290;vht;4;2;1;1215a,9136,60e0,4924,3088,251c,20b6,1d32,18ce,162a
phy0;0;add
phy1;0;add
phy1;155679f515f8;txs;88:a9:b7:ee:ab:61;1;1;0;277;1
phy1;1557c9e2f9db;txs;88:a9:b7:ee:ab:61;1;1;0;277;1
phy1;1557c9e77134;txs;88:a9:b7:ee:ab:61;1;1;0;277;1
phy1;1557d5af6a0e;txs;3e:a7:96:1e:bc:6b;1;1;0;277;1
phy1;1557d5b37e2a;txs;3e:a7:96:1e:bc:6b;1;1;0;277;1
phy1;1557e7edac00;txs;88:a9:b7:ee:ab:61;1;1;0;277;2
phy1;1557eaf05dbb;txs;88:a9:b7:ee:ab:61;1;1;0;277;2
phy1;1557eaf0dcab;txs;88:a9:b7:ee:ab:61;1;1;0;277;2
phy1;1557eaf0fade;txs;88:a9:b7:ee:ab:61;1;1;0;277;2
phy1;1557eaf1187c;txs;88:a9:b7:ee:ab:61;1;1;0;277;2
phy1;1557eaf46346;txs;88:a9:b7:ee:ab:61;1;1;0;277;1
phy1;1557eaf495b1;txs;88:a9:b7:ee:ab:61;1;1;0;277;1
phy1;1557f0691588;txs;88:a9:b7:ee:ab:61;1;1;0;277;1
phy1;1557f09a5071;txs;88:a9:b7:ee:ab:61;1;1;0;238,236;4,1
phy1;1557f32964ab;txs;88:a9:b7:ee:ab:61;1;1;0;236;1
phy1;1557f351f7f1;txs;3e:a7:96:1e:bc:6b;1;1;0;277;1
phy1;1557f37773eb;txs;88:a9:b7:ee:ab:61;1;1;0;236;1
phy1;1557f39c4fd4;txs;88:a9:b7:ee:ab:61;1;1;1;278,276;2,1
phy1;1557f4e39406;txs;88:a9:b7:ee:ab:61;1;1;1;278,276;2,1
phy1;1557f53130ab;txs;3e:a7:96:1e:bc:6b;1;1;0;276;1
phy1;1557f532fb2d;txs;88:a9:b7:ee:ab:61;1;1;1;237;1
phy1;1557f592bd1f;txs;3e:a7:96:1e:bc:6b;1;1;0;276;1
phy1;1557f598ee06;txs;88:a9:b7:ee:ab:61;1;1;0;277;2
phy1;1557f59c9126;txs;88:a9:b7:ee:ab:61;1;1;1;277;2
phy1;1557f59d41be;txs;3e:a7:96:1e:bc:6b;1;1;0;276;1
phy1;1557f59e471a;txs;3e:a7:96:1e:bc:6b;1;1;0;276;1
phy1;1557f59e7338;txs;3e:a7:96:1e:bc:6b;1;1;0;276;1
phy1;1557f5a451d5;txs;88:a9:b7:ee:ab:61;1;1;1;276;1
phy1;1557f5bb42e3;txs;88:a9:b7:ee:ab:61;1;1;0;276;1
phy1;1557f5d46be9;txs;3e:a7:96:1e:bc:6b;1;1;0;276;1
phy1;1557f5f3034c;txs;3e:a7:96:1e:bc:6b;1;1;0;276;1
phy1;1557f5f33e2f;txs;3e:a7:96:1e:bc:6b;1;1;0;276;1
phy1;1557f6138abd;txs;3e:a7:96:1e:bc:6b;1;1;0;276;1
phy1;1557f68b8bd4;txs;88:a9:b7:ee:ab:61;1;1;0;276;1
phy1;1557f704694d;txs;88:a9:b7:ee:ab:61;1;1;0;276;1
phy1;1557f732d4e5;txs;88:a9:b7:ee:ab:61;1;1;1;239,236;2,1
phy1;1557f7333ef7;txs;88:a9:b7:ee:ab:61;1;1;1;239,236;2,1
phy1;1557f7c663dd;txs;88:a9:b7:ee:ab:61;1;1;1;279,276;2,1
phy1;1557f7c6eaac;txs;88:a9:b7:ee:ab:61;1;1;1;279,276;2,1
phy1;1557f803df54;txs;88:a9:b7:ee:ab:61;1;1;0;238,236;2,1
phy1;1557f8044102;txs;88:a9:b7:ee:ab:61;1;1;0;236;2
phy1;1557f8045fcf;txs;88:a9:b7:ee:ab:61;1;1;0;236;2
phy1;1557f8048682;txs;88:a9:b7:ee:ab:61;1;1;0;236;2
phy1;1557f807af78;txs;88:a9:b7:ee:ab:61;1;1;1;236;2
phy1;1557f858b69c;txs;3e:a7:96:1e:bc:6b;1;1;0;276;1
phy1;1557f89aad1d;txs;3e:a7:96:1e:bc:6b;1;1;1;279,276;2,1
phy1;1557f8cdf9c1;txs;3e:a7:96:1e:bc:6b;1;1;1;238;1
phy1;1557f9022ae7;txs;88:a9:b7:ee:ab:61;1;1;0;276;1
phy1;1557f94abd51;txs;88:a9:b7:ee:ab:61;1;1;0;276;1
phy1;1557f94b1ecf;txs;88:a9:b7:ee:ab:61;1;1;0;276;1
phy1;1557f970dc69;txs;88:a9:b7:ee:ab:61;1;1;0;276;1
phy1;1557f983e695;txs;88:a9:b7:ee:ab:61;1;1;0;276;1
phy1;1557f985fb7f;txs;88:a9:b7:ee:ab:61;1;1;0;276;1
phy1;1557f98628de;txs;88:a9:b7:ee:ab:61;1;1;0;276;1
phy1;1557f98646a2;txs;88:a9:b7:ee:ab:61;1;1;0;276;1
phy1;1557f986647d;txs;88:a9:b7:ee:ab:61;1;1;0;276;1
phy1;1557f9e7717c;txs;3e:a7:96:1e:bc:6b;1;1;1;238;2
phy1;1557fa020a37;txs;3e:a7:96:1e:bc:6b;1;1;1;236;1
phy1;1557fa027940;txs;3e:a7:96:1e:bc:6b;1;1;1;236;1
phy1;1557fa086c54;txs;3e:a7:96:1e:bc:6b;1;1;0;276;1
phy1;1557fac1cde8;txs;88:a9:b7:ee:ab:61;1;1;0;276;1
phy1;1557fadab54e;txs;88:a9:b7:ee:ab:61;1;1;0;276;1
phy1;1557fb52a4e1;txs;3e:a7:96:1e:bc:6b;1;1;1;238;1
phy1;1557fcbf4fca;txs;3e:a7:96:1e:bc:6b;1;1;0;276;1
phy1;1557fcd42d2e;txs;3e:a7:96:1e:bc:6b;1;1;1;278;1
phy1;1557fd1c0b86;txs;3e:a7:96:1e:bc:6b;1;1;0;277;1
phy1;1557fd1d7fd3;txs;3e:a7:96:1e:bc:6b;1;1;1;277;1
phy1;1557fd1de338;txs;3e:a7:96:1e:bc:6b;1;1;1;277;1
phy1;1557fd3d131c;txs;3e:a7:96:1e:bc:6b;1;1;0;238;1
phy1;1557fd401b08;txs;3e:a7:96:1e:bc:6b;1;1;0;238,236;2,1
phy1;1557fd4052ac;txs;3e:a7:96:1e:bc:6b;1;1;0;236;2
phy1;1557fd40705b;txs;3e:a7:96:1e:bc:6b;1;1;0;236;2
phy1;1557fd40ec1c;txs;3e:a7:96:1e:bc:6b;1;1;1;238,236;2,1
phy1;1557fd41395c;txs;3e:a7:96:1e:bc:6b;1;1;1;236;2
phy1;1557fd4786e0;txs;3e:a7:96:1e:bc:6b;1;1;0;276;1
phy1;1557fd47bf31;txs;3e:a7:96:1e:bc:6b;1;1;0;276;1
phy1;1557fd47dcfb;txs;3e:a7:96:1e:bc:6b;1;1;0;276;1
phy1;1557fd47fa7a;txs;3e:a7:96:1e:bc:6b;1;1;0;276;1
phy1;1557fd48176a;txs;3e:a7:96:1e:bc:6b;1;1;0;276;1
phy1;1557fd4b656d;txs;3e:a7:96:1e:bc:6b;1;1;1;276;1
phy1;1557fd4bb387;txs;3e:a7:96:1e:bc:6b;1;1;1;276;1
phy1;1557fd55fac6;txs;3e:a7:96:1e:bc:6b;1;1;0;276;1
phy1;1557fd562d9e;txs;3e:a7:96:1e:bc:6b;1;1;0;276;1
phy1;1557fd564b1a;txs;3e:a7:96:1e:bc:6b;1;1;0;276;1
phy1;1557fd58402a;txs;3e:a7:96:1e:bc:6b;1;1;0;276;1
phy1;1557fd586c60;txs;3e:a7:96:1e:bc:6b;1;1;0;276;1
phy1;1557fd5889c4;txs;3e:a7:96:1e:bc:6b;1;1;0;276;1
phy1;1557fd60d9ba;txs;3e:a7:96:1e:bc:6b;1;1;0;276;1
phy1;1557fd6109a4;txs;3e:a7:96:1e:bc:6b;1;1;0;276;1
phy1;1557fd612726;txs;3e:a7:96:1e:bc:6b;1;1;0;276;1
phy1;1557fd6547f7;txs;3e:a7:96:1e:bc:6b;1;1;0;276;1
phy1;1557fd657a58;txs;3e:a7:96:1e:bc:6b;1;1;0;276;1
phy1;1557fd65b586;txs;3e:a7:96:1e:bc:6b;1;1;0;276;1
phy1;1557fd65d38a;txs;3e:a7:96:1e:bc:6b;1;1;0;276;1
phy1;1557fd65f121;txs;3e:a7:96:1e:bc:6b;1;1;0;276;1
phy1;1557fd660ecd;txs;3e:a7:96:1e:bc:6b;1;1;0;276;1
phy1;1557fd662bec;txs;3e:a7:96:1e:bc:6b;1;1;0;276;1
phy1;1557fd664994;txs;3e:a7:96:1e:bc:6b;1;1;0;276;1
phy1;1557fd73666c;txs;3e:a7:96:1e:bc:6b;1;1;0;276;1
phy1;1557fd73a54b;txs;3e:a7:96:1e:bc:6b;1;1;0;276;1
phy1;1557fd73c2b5;txs;3e:a7:96:1e:bc:6b;1;1;0;276;1
phy1;1557fd76885a;txs;3e:a7:96:1e:bc:6b;1;1;0;276;1
phy1;1557fd76b46e;txs;3e:a7:96:1e:bc:6b;1;1;0;276;1
phy1;1557fd76d1d9;txs;3e:a7:96:1e:bc:6b;1;1;0;276;1
phy1;1557fd76ef58;txs;3e:a7:96:1e:bc:6b;1;1;0;276;1
phy1;1557fd770cca;txs;3e:a7:96:1e:bc:6b;1;1;0;276;1
phy1;1557fd7cc6bd;txs;3e:a7:96:1e:bc:6b;1;1;0;276;1
phy1;1557fd7cf777;txs;3e:a7:96:1e:bc:6b;1;1;0;276;1
phy1;1557fd7ecd08;txs;3e:a7:96:1e:bc:6b;1;1;0;276;1
phy1;1557fdd4dd69;txs;3e:a7:96:1e:bc:6b;1;1;0;276;1
phy1;1557fe00e707;txs;3e:a7:96:1e:bc:6b;1;1;0;276;1
phy1;1557fe0143dc;txs;3e:a7:96:1e:bc:6b;1;1;0;276;1
phy1;1557fe016184;txs;3e:a7:96:1e:bc:6b;1;1;0;276;1
phy1;1557fe017ef9;txs;3e:a7:96:1e:bc:6b;1;1;0;276;1
phy1;1557fe2ca1f7;txs;3e:a7:96:1e:bc:6b;1;1;0;276;1
phy1;1557fe2cf93f;txs;3e:a7:96:1e:bc:6b;1;1;0;276;1
phy1;1557fe2f5b0a;txs;3e:a7:96:1e:bc:6b;1;1;0;276;1
phy1;1557fe2f873d;txs;3e:a7:96:1e:bc:6b;1;1;0;276;1
phy1;1557fe2fa4c6;txs;3e:a7:96:1e:bc:6b;1;1;0;276;1
phy1;1557fe2fc26f;txs;3e:a7:96:1e:bc:6b;1;1;0;276;1
phy1;1557fe30fecd;txs;88:a9:b7:ee:ab:61;1;1;0;276;1
phy1;1557fe6c0a28;txs;3e:a7:96:1e:bc:6b;1;1;0;276;1
phy1;1557fe6c4f16;txs;3e:a7:96:1e:bc:6b;1;1;0;276;1
phy1;1557fe718c34;txs;3e:a7:96:1e:bc:6b;1;1;0;276;1
phy1;1557fe71bbda;txs;3e:a7:96:1e:bc:6b;1;1;0;276;1
phy1;1557fe71d91f;txs;3e:a7:96:1e:bc:6b;1;1;0;276;1
phy1;1557fe71f68d;txs;3e:a7:96:1e:bc:6b;1;1;0;276;1
phy1;1557fe7213ed;txs;3e:a7:96:1e:bc:6b;1;1;0;276;1
phy1;1557fe723162;txs;3e:a7:96:1e:bc:6b;1;1;0;276;1
phy1;1557fe724e4c;txs;3e:a7:96:1e:bc:6b;1;1;0;276;1
phy1;1557fe726bc1;txs;3e:a7:96:1e:bc:6b;1;1;0;276;1
phy1;1557fe728958;txs;3e:a7:96:1e:bc:6b;1;1;0;276;1
phy1;1557fe72a6c9;txs;3e:a7:96:1e:bc:6b;1;1;0;276;1
phy1;1557fe72c45d;txs;3e:a7:96:1e:bc:6b;1;1;0;276;1
phy1;1557fe72e1cf;txs;3e:a7:96:1e:bc:6b;1;1;0;276;1
phy1;1557fe741559;txs;3e:a7:96:1e:bc:6b;1;1;0;276;1
phy1;1557fe854ce6;txs;3e:a7:96:1e:bc:6b;1;1;0;276;1
phy1;1557fe857e8d;txs;3e:a7:96:1e:bc:6b;1;1;0;276;1
phy1;1557fe8a80ff;txs;3e:a7:96:1e:bc:6b;1;1;0;276;1
phy1;1557fe8ab31f;txs;3e:a7:96:1e:bc:6b;1;1;0;276;1
phy1;1557fe8ad0e2;txs;3e:a7:96:1e:bc:6b;1;1;0;276;1
phy1;1557fe8aee57;txs;3e:a7:96:1e:bc:6b;1;1;0;276;1
phy1;1557fe8b0bbe;txs;3e:a7:96:1e:bc:6b;1;1;0;276;1
phy1;1557fe8b2937;txs;3e:a7:96:1e:bc:6b;1;1;0;276;1
phy1;1557fe8b4627;txs;3e:a7:96:1e:bc:6b;1;1;0;276;1
phy1;1557fe8b6398;txs;3e:a7:96:1e:bc:6b;1;1;0;276;1
phy1;1557fe8b810d;txs;3e:a7:96:1e:bc:6b;1;1;0;276;1
phy1;1557fe8b9e86;txs;3e:a7:96:1e:bc:6b;1;1;0;276;1
phy1;1557fe8bbbfe;txs;3e:a7:96:1e:bc:6b;1;1;0;276;1
phy1;1557fe8fa636;txs;3e:a7:96:1e:bc:6b;1;1;0;276;1
phy1;1557fe8fd512;txs;3e:a7:96:1e:bc:6b;1;1;0;276;1
phy1;1557fe8ff298;txs;3e:a7:96:1e:bc:6b;1;1;0;276;1
phy1;1557fea5e1f1;txs;3e:a7:96:1e:bc:6b;1;1;0;276;1
phy1;1557fea61223;txs;3e:a7:96:1e:bc:6b;1;1;0;276;1
phy1;1557fea8c999;txs;3e:a7:96:1e:bc:6b;1;1;0;276;1
phy1;1557fea8f69c;txs;3e:a7:96:1e:bc:6b;1;1;0;276;1
phy1;1557fea914b1;txs;3e:a7:96:1e:bc:6b;1;1;0;276;1
phy1;1557fea93300;txs;3e:a7:96:1e:bc:6b;1;1;0;276;1
phy1;1557feb7970a;txs;3e:a7:96:1e:bc:6b;1;1;0;276;1
phy1;1557feb9f393;txs;3e:a7:96:1e:bc:6b;1;1;0;276;1
phy1;1557feba2210;txs;3e:a7:96:1e:bc:6b;1;1;0;276;1
phy1;1557feba400e;txs;3e:a7:96:1e:bc:6b;1;1;0;276;1
phy1;1557ff20e53a;txs;3e:a7:96:1e:bc:6b;1;1;0;276;1
phy1;1557ff523036;txs;3e:a7:96:1e:bc:6b;1;1;0;276;1
phy1;1557ffee283f;txs;88:a9:b7:ee:ab:61;1;1;0;276;1
phy1;1557ffeeb6bf;txs;88:a9:b7:ee:ab:61;1;1;0;276;1
phy1;155800ae4b1c;txs;3e:a7:96:1e:bc:6b;1;1;0;276;1
phy1;155801ca0fc1;txs;3e:a7:96:1e:bc:6b;1;1;0;276;1
phy1;155801cb809b;txs;3e:a7:96:1e:bc:6b;1;1;0;276;1
phy1;155801cbae0b;txs;3e:a7:96:1e:bc:6b;1;1;0;276;1
phy1;155801fe45a8;txs;3e:a7:96:1e:bc:6b;1;1;0;276;1
phy1;1558037c0380;txs;3e:a7:96:1e:bc:6b;1;1;0;276;1
phy1;15580404dfe4;txs;3e:a7:96:1e:bc:6b;1;1;0;276;1
phy1;15580406b372;txs;3e:a7:96:1e:bc:6b;1;1;0;276;1
phy1;15580406e1c6;txs;3e:a7:96:1e:bc:6b;1;1;0;276;1
phy1;15580406ff2e;txs;3e:a7:96:1e:bc:6b;1;1;0;276;1
phy1;155804176afa;txs;3e:a7:96:1e:bc:6b;1;1;0;276;1
phy1;15580417b7ef;txs;3e:a7:96:1e:bc:6b;1;1;0;276;1
phy1;15580436e707;txs;3e:a7:96:1e:bc:6b;1;1;0;276;1
phy1;1558043b0778;txs;3e:a7:96:1e:bc:6b;1;1;0;276;1
phy1;1558043b2d7a;txs;3e:a7:96:1e:bc:6b;1;1;0;276;1
phy1;155805a36256;txs;3e:a7:96:1e:bc:6b;1;1;0;276;1
phy1;1558068255ab;txs;88:a9:b7:ee:ab:61;1;1;0;276;1
phy1;155806867f35;txs;88:a9:b7:ee:ab:61;1;1;0;276;1
phy1;15580686b3ba;txs;3e:a7:96:1e:bc:6b;1;1;0;276;1
phy1;15580686d303;txs;3e:a7:96:1e:bc:6b;1;1;0;276;1
phy1;155806a1146b;txs;3e:a7:96:1e:bc:6b;1;1;0;276;1
phy1;155806a14be9;txs;3e:a7:96:1e:bc:6b;1;1;0;276;1
phy1;155806a2e845;txs;3e:a7:96:1e:bc:6b;1;1;0;276;1
phy1;155806a31433;txs;3e:a7:96:1e:bc:6b;1;1;0;276;1
phy1;155806a33197;txs;3e:a7:96:1e:bc:6b;1;1;0;276;1
phy1;155807fc6eff;txs;3e:a7:96:1e:bc:6b;1;1;0;276;1
phy1;1558085b9d99;txs;3e:a7:96:1e:bc:6b;1;1;0;276;1
phy1;1558087aed35;txs;3e:a7:96:1e:bc:6b;1;1;0;276;1
phy1;1558097d4587;txs;3e:a7:96:1e:bc:6b;1;1;0;276;1
phy1;1558099fad1c;txs;88:a9:b7:ee:ab:61;1;1;0;276;1
phy1;15580ed15d58;txs;3e:a7:96:1e:bc:6b;1;1;0;276;1
phy1;15580ef249fb;txs;88:a9:b7:ee:ab:61;1;1;0;276;1
phy1;15580fe500ae;txs;3e:a7:96:1e:bc:6b;1;1;0;276;1
phy1;155811fad5a2;txs;3e:a7:96:1e:bc:6b;1;1;0;276;1
phy1;155811fc54e8;txs;3e:a7:96:1e:bc:6b;1;1;0;276;1
phy1;1558129362d6;txs;3e:a7:96:1e:bc:6b;1;1;0;276;1
phy1;15581377aef2;txs;3e:a7:96:1e:bc:6b;1;1;0;276;1
phy1;1558137996b0;txs;3e:a7:96:1e:bc:6b;1;1;0;276;1
phy1;15581379c2c1;txs;3e:a7:96:1e:bc:6b;1;1;0;276;1
phy1;1558138bbd76;txs;3e:a7:96:1e:bc:6b;1;1;0;276;1
phy1;15581d267f5f;txs;3e:a7:96:1e:bc:6b;1;1;0;276;1
phy1;15581f239df7;txs;3e:a7:96:1e:bc:6b;1;1;0;276;1
phy1;15581f244810;txs;3e:a7:96:1e:bc:6b;1;1;0;276;1
phy1;15581f30f488;txs;3e:a7:96:1e:bc:6b;1;1;0;276;1
phy1;15581f312823;txs;3e:a7:96:1e:bc:6b;1;1;0;276;1
phy1;15581f31457c;txs;3e:a7:96:1e:bc:6b;1;1;0;276;1
phy1;15581f32b734;txs;3e:a7:96:1e:bc:6b;1;1;0;276;1
phy1;15582652ecbc;txs;88:a9:b7:ee:ab:61;1;1;0;276;1
phy1;15582a2256fb;txs;3e:a7:96:1e:bc:6b;1;1;0;276;1
phy1;15582a267b72;txs;3e:a7:96:1e:bc:6b;1;1;0;276;1
phy1;155831b5ac01;txs;3e:a7:96:1e:bc:6b;1;1;0;276;1
phy1;15584846ecf2;txs;88:a9:b7:ee:ab:61;1;1;0;276;1
phy1;1558484b5550;txs;88:a9:b7:ee:ab:61;1;1;0;276;1
phy1;1558485ea7fe;txs;88:a9:b7:ee:ab:61;1;1;1;277;1
phy1;1558487a7535;txs;88:a9:b7:ee:ab:61;1;1;1;238,236;2,1
phy1;15584978bb7b;txs;88:a9:b7:ee:ab:61;1;1;0;237;1
phy1;1558497c7288;txs;88:a9:b7:ee:ab:61;1;1;1;237;1
phy1;1558497cd1b9;txs;88:a9:b7:ee:ab:61;1;1;1;237;1
phy1;155849b66b47;txs;88:a9:b7:ee:ab:61;1;1;1;277;1
phy1;155849fb311e;txs;88:a9:b7:ee:ab:61;1;1;0;276;1
phy1;15584a4d4be8;txs;88:a9:b7:ee:ab:61;1;1;1;279,276;2,1
phy1;15584a66f5ea;txs;88:a9:b7:ee:ab:61;1;1;0;276;1
phy1;15584aa330f6;txs;88:a9:b7:ee:ab:61;1;1;0;276;1
phy1;15584b237cac;txs;88:a9:b7:ee:ab:61;1;1;0;276;1
phy1;15584b5a8b20;txs;88:a9:b7:ee:ab:61;1;1;0;276;1
phy1;15584b5ac36b;txs;88:a9:b7:ee:ab:61;1;1;0;276;1
phy1;15584b92909c;txs;88:a9:b7:ee:ab:61;1;1;0;276;1
phy1;15584b943b2d;txs;88:a9:b7:ee:ab:61;1;1;0;276;1
phy1;15584bcc40a3;txs;88:a9:b7:ee:ab:61;1;1;0;276;1
phy1;15584c17d987;txs;88:a9:b7:ee:ab:61;1;1;1;277;1
phy1;15584c58d0d3;txs;88:a9:b7:ee:ab:61;1;1;1;238;1
phy1;15584c594bea;txs;88:a9:b7:ee:ab:61;1;1;1;238;1
phy1;15584c9062bb;txs;88:a9:b7:ee:ab:61;1;1;1;238;1
phy1;15584cd3d33c;txs;88:a9:b7:ee:ab:61;1;1;0;276;1
phy1;15584d161ec6;txs;88:a9:b7:ee:ab:61;1;1;0;279,276;2,1
phy1;15584d1931d8;txs;88:a9:b7:ee:ab:61;1;1;1;279,276;2,1
phy1;15584d1990b3;txs;88:a9:b7:ee:ab:61;1;1;1;279,276;2,1
phy1;15584d730d13;txs;88:a9:b7:ee:ab:61;1;1;0;239,236;2,1
phy1;15584d738d09;txs;88:a9:b7:ee:ab:61;1;1;0;239,236;2,1
phy1;15584d76a228;txs;88:a9:b7:ee:ab:61;1;1;1;239,236;2,1
phy1;15584daa25ff;txs;88:a9:b7:ee:ab:61;1;1;0;276;1
phy1;15584defa8c3;txs;88:a9:b7:ee:ab:61;1;1;0;276;1
phy1;15584e28d239;txs;88:a9:b7:ee:ab:61;1;1;0;276;1
phy1;15584e294e59;txs;88:a9:b7:ee:ab:61;1;1;0;276;1
phy1;15584e4f0035;txs;88:a9:b7:ee:ab:61;1;1;0;276;1
phy1;15584e964a70;txs;88:a9:b7:ee:ab:61;1;1;0;276;1
phy1;15584ecf2d27;txs;88:a9:b7:ee:ab:61;1;1;0;276;1
phy1;15584ecf7e5c;txs;88:a9:b7:ee:ab:61;1;1;0;276;1
phy1;15584ecf9d07;txs;88:a9:b7:ee:ab:61;1;1;0;276;1
phy1;15584f09977b;txs;88:a9:b7:ee:ab:61;1;1;0;276;1
phy1;1558504755c0;txs;88:a9:b7:ee:ab:61;1;1;0;276;1
phy1;155851333fd2;txs;88:a9:b7:ee:ab:61;1;1;0;276;1
phy1;1558516a1186;txs;88:a9:b7:ee:ab:61;1;1;0;276;1
phy1;155852cfb37e;txs;88:a9:b7:ee:ab:61;1;1;0;276;1
phy1;155853bd70ca;txs;88:a9:b7:ee:ab:61;1;1;0;276;1
phy1;155853f89fdc;txs;88:a9:b7:ee:ab:61;1;1;1;236;1
phy1;155853f91ec9;txs;88:a9:b7:ee:ab:61;1;1;1;236;1
phy1;1558542fc0de;txs;88:a9:b7:ee:ab:61;1;1;1;277;1
phy1;155854c2b400;txs;88:a9:b7:ee:ab:61;1;1;1;278,276;2,1
phy1;155854f467c3;txs;88:a9:b7:ee:ab:61;1;1;0;276;1
phy1;155854f4a3c1;txs;88:a9:b7:ee:ab:61;1;1;0;276;1
phy1;1558552d065c;txs;88:a9:b7:ee:ab:61;1;1;0;276;1
phy1;1558554eed8e;txs;88:a9:b7:ee:ab:61;1;1;0;276;1
phy1;1558557a5636;txs;88:a9:b7:ee:ab:61;1;1;0;276;1
phy1;1558557a9a50;txs;88:a9:b7:ee:ab:61;1;1;0;276;1
phy1;155855b03e33;txs;88:a9:b7:ee:ab:61;1;1;0;276;1
phy1;155855faba2f;txs;88:a9:b7:ee:ab:61;1;1;0;276;1
phy1;155856311abf;txs;88:a9:b7:ee:ab:61;1;1;0;276;1
phy1;1558563175b3;txs;88:a9:b7:ee:ab:61;1;1;0;276;1
phy1;1558567bb4b1;txs;88:a9:b7:ee:ab:61;1;1;0;276;1
phy1;155856c22c80;txs;88:a9:b7:ee:ab:61;1;1;0;276;1
phy1;155857296909;txs;88:a9:b7:ee:ab:61;1;1;0;276;1
phy1;1558572dc29c;txs;88:a9:b7:ee:ab:61;1;1;0;276;1
phy1;1558572de50f;txs;88:a9:b7:ee:ab:61;1;1;0;276;1
phy1;155857729aa0;txs;88:a9:b7:ee:ab:61;1;1;1;238,237;2,1
phy1;1558577304f6;txs;88:a9:b7:ee:ab:61;1;1;1;238,237;2,1
phy1;1558577335d6;txs;88:a9:b7:ee:ab:61;1;1;1;238,237;2,1
phy1;155857bdfb94;txs;88:a9:b7:ee:ab:61;1;1;1;278,277;2,1
phy1;1558580238a8;txs;88:a9:b7:ee:ab:61;1;1;0;277;1
phy1;1558583c48d7;txs;88:a9:b7:ee:ab:61;1;1;0;236;1
phy1;1558583fed80;txs;88:a9:b7:ee:ab:61;1;1;1;236;1
phy1;15585874554d;txs;88:a9:b7:ee:ab:61;1;1;0;277;1
phy1;155858baf834;txs;88:a9:b7:ee:ab:61;1;1;0;277;1
phy1;155858f5b63b;txs;88:a9:b7:ee:ab:61;1;1;0;277;1
phy1;155858f62f7a;txs;88:a9:b7:ee:ab:61;1;1;0;277;1
phy1;155858f65d73;txs;88:a9:b7:ee:ab:61;1;1;0;277;1
phy1;1558594a81bd;txs;88:a9:b7:ee:ab:61;1;1;0;277;1
phy1;15585b16feca;txs;88:a9:b7:ee:ab:61;1;1;0;277;1
phy1;15585b4f7a05;txs;88:a9:b7:ee:ab:61;1;1;0;277;1
phy1;15585bcd9caa;txs;88:a9:b7:ee:ab:61;1;1;0;277;1
phy1;15585c8163df;txs;88:a9:b7:ee:ab:61;1;1;0;277;1
phy1;15585cb960eb;txs;88:a9:b7:ee:ab:61;1;1;0;277;1
phy1;15585cb9bf89;txs;88:a9:b7:ee:ab:61;1;1;0;277;1
phy1;15585cb9e096;txs;88:a9:b7:ee:ab:61;1;1;0;277;1
phy1;15585cd2b96a;txs;88:a9:b7:ee:ab:61;1;1;0;277;1
phy1;15585cf37d02;txs;88:a9:b7:ee:ab:61;1;1;0;277;1
phy1;15585cf3e56d;txs;88:a9:b7:ee:ab:61;1;1;0;277;1
phy1;15585d0dd18e;txs;88:a9:b7:ee:ab:61;1;1;0;277;1
phy1;15585d0f4f7c;txs;88:a9:b7:ee:ab:61;1;1;0;277;1
phy1;15585d47f1d0;txs;88:a9:b7:ee:ab:61;1;1;0;277;1
phy1;15585d483203;txs;88:a9:b7:ee:ab:61;1;1;0;277;1
phy1;15585d7ed51b;txs;88:a9:b7:ee:ab:61;1;1;0;277;1
phy1;15585de3483b;txs;88:a9:b7:ee:ab:61;1;1;0;277;1
phy1;15585e188291;txs;88:a9:b7:ee:ab:61;1;1;0;277;1
phy1;155860258925;txs;88:a9:b7:ee:ab:61;1;1;0;277;1
phy1;1558606ff42d;txs;88:a9:b7:ee:ab:61;1;1;1;278,277;2,1
phy1;155860f71df4;txs;88:a9:b7:ee:ab:61;1;1;1;238,237;2,1
phy1;155861352236;txs;88:a9:b7:ee:ab:61;1;1;1;238,237;2,1
phy1;1558630e5cd6;txs;88:a9:b7:ee:ab:61;1;1;0;277;1
phy1;1558634af0aa;txs;88:a9:b7:ee:ab:61;1;1;0;277;1
phy1;1558634b2d23;txs;88:a9:b7:ee:ab:61;1;1;0;277;1
phy1;155863823854;txs;88:a9:b7:ee:ab:61;1;1;0;277;1
phy1;155863d6feb3;txs;88:a9:b7:ee:ab:61;1;1;1;239,237;2,1
phy1;155864136806;txs;88:a9:b7:ee:ab:61;1;1;1;278,277;2,1
phy1;155866019662;txs;88:a9:b7:ee:ab:61;1;1;0;277;1
phy1;15586638c0f0;txs;88:a9:b7:ee:ab:61;1;1;0;277;1
phy1;1558668009b8;txs;88:a9:b7:ee:ab:61;1;1;0;277;1
phy1;155866bec8c5;txs;88:a9:b7:ee:ab:61;1;1;0;277;2
phy1;155866bf3417;txs;88:a9:b7:ee:ab:61;1;1;0;277;2
phy1;155866bf5240;txs;88:a9:b7:ee:ab:61;1;1;0;277;2
phy1;155866f9520f;txs;88:a9:b7:ee:ab:61;1;1;0;277;1
phy1;155866f9894c;txs;88:a9:b7:ee:ab:61;1;1;0;277;1
phy1;155866fada11;txs;88:a9:b7:ee:ab:61;1;1;0;277;2
phy1;155867333021;txs;88:a9:b7:ee:ab:61;1;1;0;277;1
phy1;1558676f9962;txs;88:a9:b7:ee:ab:61;1;1;0;277;1
phy1;155867b0680d;txs;88:a9:b7:ee:ab:61;1;1;1;278,277;2,2
phy1;155867b0eb80;txs;88:a9:b7:ee:ab:61;1;1;1;278,277;2,2
phy1;155867b11e44;txs;88:a9:b7:ee:ab:61;1;1;1;277;1
phy1;155868fd8c37;txs;88:a9:b7:ee:ab:61;1;1;0;277;1
phy1;15586944a12d;txs;88:a9:b7:ee:ab:61;1;1;0;277;1
phy1;1558698f4518;txs;88:a9:b7:ee:ab:61;1;1;0;277;1
phy1;155869c9a543;txs;88:a9:b7:ee:ab:61;1;1;0;277;1
phy1;155869c9ff56;txs;88:a9:b7:ee:ab:61;1;1;0;277;1
phy1;155869ca1ddc;txs;88:a9:b7:ee:ab:61;1;1;0;277;1
phy1;155869e97ade;txs;88:a9:b7:ee:ab:61;1;1;0;277;1
phy1;15586a189311;txs;88:a9:b7:ee:ab:61;1;1;0;277;1
phy1;15586bd84599;txs;88:a9:b7:ee:ab:61;1;1;0;277;1
phy1;15586c1bca28;txs;88:a9:b7:ee:ab:61;1;1;1;238,237;2,1
phy1;15586f76e5cc;txs;88:a9:b7:ee:ab:61;1;1;0;277;1
phy1;155870d20ed6;txs;88:a9:b7:ee:ab:61;1;1;0;276;1
phy1;15587106f702;txs;88:a9:b7:ee:ab:61;1;1;0;276;1
phy1;155871f145af;txs;88:a9:b7:ee:ab:61;1;1;0;276;1
phy1;1558721e536f;txs;88:a9:b7:ee:ab:61;1;1;0;276;1
phy1;15587229c0f8;txs;88:a9:b7:ee:ab:61;1;1;0;276;1
phy1;15587234b013;txs;88:a9:b7:ee:ab:61;1;1;0;276;1
phy1;155872680a7c;txs;88:a9:b7:ee:ab:61;1;1;0;276;1
phy1;1558729ef075;txs;88:a9:b7:ee:ab:61;1;1;0;276;1
phy1;1558729f2b40;txs;88:a9:b7:ee:ab:61;1;1;0;276;1
phy1;155872d44a7a;txs;88:a9:b7:ee:ab:61;1;1;0;276;1
phy1;1558731be4e6;txs;88:a9:b7:ee:ab:61;1;1;0;276;1
phy1;1558735f8d5c;txs;88:a9:b7:ee:ab:61;1;1;1;238,236;2,1
phy1;155874e9de23;txs;88:a9:b7:ee:ab:61;1;1;0;276;1
phy1;155875205c8b;txs;88:a9:b7:ee:ab:61;1;1;0;276;1
phy1;1558756c3179;txs;88:a9:b7:ee:ab:61;1;1;0;276;1
phy1;155875a7e94b;txs;88:a9:b7:ee:ab:61;1;1;0;276;1
phy1;155875a81e8c;txs;88:a9:b7:ee:ab:61;1;1;0;276;1
phy1;155875e53f48;txs;88:a9:b7:ee:ab:61;1;1;0;276;1
phy1;15587632e8c4;txs;88:a9:b7:ee:ab:61;1;1;0;276;1
phy1;155877e30cce;txs;88:a9:b7:ee:ab:61;1;1;0;276;1
phy1;155877e7596e;txs;88:a9:b7:ee:ab:61;1;1;0;276;1
phy1;155878208fb3;txs;88:a9:b7:ee:ab:61;1;1;0;276;1
phy1;1558786b3e8d;txs;88:a9:b7:ee:ab:61;1;1;1;277;1
phy1;155878ac833b;txs;88:a9:b7:ee:ab:61;1;1;1;238,236;2,1
phy1;155878acecd9;txs;88:a9:b7:ee:ab:61;1;1;1;238,236;2,1
phy1;155878eaf423;txs;88:a9:b7:ee:ab:61;1;1;1;238,236;2,1
phy1;15587aded738;txs;88:a9:b7:ee:ab:61;1;1;0;276;1
phy1;15587b246972;txs;88:a9:b7:ee:ab:61;1;1;0;276;1
phy1;15587d63bdc4;txs;88:a9:b7:ee:ab:61;1;1;0;276;1
phy1;15588381a2c6;txs;88:a9:b7:ee:ab:61;1;1;0;277;1
phy1;155889820136;txs;88:a9:b7:ee:ab:61;1;1;0;277;1
phy1;1558e82897d6;txs;88:a9:b7:ee:ab:61;1;1;0;277;1
phy1;1558e82cfec7;txs;88:a9:b7:ee:ab:61;1;1;0;277;1
phy1;1558ecce2142;txs;88:a9:b7:ee:ab:61;1;1;0;277;1
phy1;1558ecf64e11;txs;88:a9:b7:ee:ab:61;1;1;1;278,277;2,1
phy1;1558f45254f3;txs;3e:a7:96:1e:bc:6b;1;1;0;276;1
phy1;1558f8da3636;txs;88:a9:b7:ee:ab:61;1;1;0;277;1
phy1;1558fd96c269;txs;88:a9:b7:ee:ab:61;1;1;0;277;1
phy1;15590feb9792;txs;88:a9:b7:ee:ab:61;1;1;0;277;1
phy1;15591c092d1c;txs;88:a9:b7:ee:ab:61;1;1;0;277;1
phy1;15591c14a051;txs;88:a9:b7:ee:ab:61;1;1;0;277;1
phy1;15592667ca9c;txs;3e:a7:96:1e:bc:6b;1;1;0;276;1
phy1;1559266c1108;txs;3e:a7:96:1e:bc:6b;1;1;0;276;1
phy1;1559467c9daf;txs;88:a9:b7:ee:ab:61;1;1;0;277;1
phy1;1559531fa70a;txs;3e:a7:96:1e:bc:6b;1;1;0;276;1
phy1;15595f61f95b;txs;88:a9:b7:ee:ab:61;1;1;0;277;1
phy1;15595f75496d;txs;88:a9:b7:ee:ab:61;1;1;0;277;1
phy1;15596284a37c;txs;88:a9:b7:ee:ab:61;1;1;0;277;1
phy1;155962a02f76;txs;88:a9:b7:ee:ab:61;1;1;0;277;2
phy1;155967203139;txs;88:a9:b7:ee:ab:61;1;1;0;277;2
phy1;15596724ce2d;txs;88:a9:b7:ee:ab:61;1;1;0;277;3
phy1;15596725decd;txs;88:a9:b7:ee:ab:61;1;1;0;277,276;4,1
phy1;1559685e781f;txs;3e:a7:96:1e:bc:6b;1;1;0;276;1
phy1;155968628f4f;txs;3e:a7:96:1e:bc:6b;1;1;0;276;1
phy1;15596862b1e8;txs;3e:a7:96:1e:bc:6b;1;1;0;276;1
phy1;15596862cf67;txs;3e:a7:96:1e:bc:6b;1;1;0;276;1
